gender,age,SBP,BMI,etiology of CKD,Hb,Alb,Cr,eGFR,CKD_stage,CKD category,dip-stick proteinuria,proteinuria,urinary occult blood,UPCR,UPCR category,hypertension,prevalence of CVD,diabetes,use of RAASi,use of CCB,use of diuretics,eGFR(0M),eGFR(6M),eGFR(12M),eGFR(18M),eGFR(24M),eGFR(30M),eGFR(36M),eGFR(last visit),average_obs,obsevasion_ duration
0.7132943898161588,1.375328433952,1.1362979110690978,1.0862277411906796,1.1994882931277324,1.2602464320560465,1.6946660541463683,1.4709399488472548,1.0505536481837745,1.1905810845320937,1.3110599416300115,1.5826868345113656,0.7864837018969518,0.6349384497029201,1.8291608659579808,0.9277076729264051,0.21225212604040922,1.0749950720808554,0.835979461134768,0.7365991873289436,0.7915126580877823,0.8350756965944937,1.5376250444007158,1.887994616262586,2.239108907444296,2.5320451170269473,3.0575323817477393,3.272000583989796,3.6639133459775994,3.671189706548622,2.3774753943662157,2.025039297421395
