gender,age,SBP,BMI,etiology of CKD,Hb,Alb,Cr,eGFR,CKD_stage,CKD category,dip-stick proteinuria,proteinuria,urinary occult blood,UPCR,UPCR category,hypertension,prevalence of CVD,diabetes,use of RAASi,use of CCB,use of diuretics,eGFR(0M),eGFR(6M),eGFR(12M),eGFR(18M),eGFR(24M),eGFR(30M),eGFR(36M),eGFR(last visit),average_obs,obsevasion_ duration
0.7142421015051668,1.3611965315897208,1.1447367076367554,1.0777963776292376,1.206234983936383,1.2840298682545255,1.7071575221336182,1.4595961598682827,1.0374653948220034,1.21839425360084,1.3036280803189306,1.6216934654254969,0.8154637731897018,0.6334090614686112,1.8725032575305682,0.8836389785023648,0.2082260290426486,1.069351931029483,0.8330069296075067,0.7326135280424048,0.8082288474992755,0.8320679952515929,1.5391196264953824,1.9216847575837785,2.244508779709507,2.56442519166452,3.020148916384247,3.185620553271735,3.7279217419808526,3.568265027757424,2.389659117437076,2.0139645098303576
