gender,age,SBP,BMI,etiology of CKD,Hb,Alb,Cr,eGFR,CKD_stage,CKD category,dip-stick proteinuria,proteinuria,urinary occult blood,UPCR,UPCR category,hypertension,prevalence of CVD,diabetes,use of RAASi,use of CCB,use of diuretics,eGFR(0M),eGFR(6M),eGFR(12M),eGFR(18M),eGFR(24M),eGFR(30M),eGFR(36M),eGFR(last visit),average_obs,obsevasion_ duration
0.7171532670814966,1.3817938670363976,1.1337046150282666,1.0767151210840504,1.1973658525592261,1.26800930148416,1.70178251560485,1.4456171323954932,1.0460295457442668,1.1792154293711807,1.2754969023884015,1.6244428814452396,0.7950615823896346,0.6328681224665066,1.8372256202205932,0.9128043183745992,0.20901116217594848,1.0673409138252925,0.8417133848347138,0.738492131940931,0.8023708544409428,0.8330914191088798,1.5530209672432358,1.906003717153932,2.223405309012087,2.6176078196969526,3.083449514097321,3.2358417306536595,3.6298817309697244,3.628819080822478,2.3589604003542797,2.0457037889952643
