gender,age,SBP,BMI,etiology of CKD,Hb,Alb,Cr,eGFR,CKD_stage,CKD category,dip-stick proteinuria,proteinuria,urinary occult blood,UPCR,UPCR category,hypertension,prevalence of CVD,diabetes,use of RAASi,use of CCB,use of diuretics,eGFR(0M),eGFR(6M),eGFR(12M),eGFR(18M),eGFR(24M),eGFR(30M),eGFR(36M),eGFR(last visit),average_obs,obsevasion_ duration
0.7132439112311706,1.356715120030523,1.1375461777802653,1.0849880417742277,1.1929023687277949,1.2563595289469571,1.7156212147905356,1.4790588098281372,1.0507858923032019,1.2079442271321816,1.271181325620488,1.5923641954907606,0.8142114982505917,0.6399025096037284,1.835553896169925,0.9032105300697134,0.21263913085889358,1.07139431390981,0.837409836281513,0.734788284393578,0.8028320312680718,0.8378779493969964,1.5412904726045866,1.944648932747788,2.242466476354579,2.6799051257096838,2.9788073972842604,3.2345053326605644,3.6579875485275615,3.665862416958273,2.3056282531939947,2.0003672500996466
