gender,age,SBP,BMI,etiology of CKD,Hb,Alb,Cr,eGFR,CKD_stage,CKD category,dip-stick proteinuria,proteinuria,urinary occult blood,UPCR,UPCR category,hypertension,prevalence of CVD,diabetes,use of RAASi,use of CCB,use of diuretics,eGFR(0M),eGFR(6M),eGFR(12M),eGFR(18M),eGFR(24M),eGFR(30M),eGFR(36M),eGFR(last visit),average_obs,obsevasion_ duration
0.7147739711994464,1.3455161547703147,1.1380354293536383,1.0800680534211609,1.1785268503605613,1.2758486737982715,1.6907589748478977,1.4232780464344206,1.0540973590845801,1.1904620510180144,1.3008358635508113,1.5781100314171224,0.8209235992254582,0.6306189219904261,1.8381087898984751,0.9113914324715429,0.211739606706974,1.0670319769753278,0.8337096171128574,0.7323604327445666,0.7954997925137972,0.8396325046526916,1.5378549934948864,1.8774724579569826,2.291676541376057,2.6398223696867347,3.045510188599119,3.289631915248831,3.7133071491067633,3.6695369070080095,2.2593565836276945,2.024502760346569
