gender,age,SBP,BMI,etiology of CKD,Hb,Alb,Cr,eGFR,CKD_stage,CKD category,dip-stick proteinuria,proteinuria,urinary occult blood,UPCR,UPCR category,hypertension,prevalence of CVD,diabetes,use of RAASi,use of CCB,use of diuretics,eGFR(0M),eGFR(6M),eGFR(12M),eGFR(18M),eGFR(24M),eGFR(30M),eGFR(36M),eGFR(last visit),average_obs,obsevasion_ duration
0.7063802796974454,1.3571990780477663,1.1467164172598698,1.0741537616856578,1.2067149614538835,1.272453488103972,1.7108294667891737,1.484626904531199,1.0412732565461764,1.2033254476368802,1.319146155478608,1.6120374797966903,0.7907827033473642,0.6334655799148555,1.832945247828101,0.902647316380681,0.21148264221629753,1.0735730242313068,0.830631094973208,0.7331816079252195,0.7961130747161475,0.8405649760551087,1.5382569812429783,1.867645873310727,2.2383059967857553,2.5720756762611523,3.058718101777201,3.258200109296968,3.65092236157029,3.741999164326975,2.2809893300120665,2.012642440800278
