gender,age,SBP,BMI,etiology of CKD,Hb,Alb,Cr,eGFR,CKD_stage,CKD category,dip-stick proteinuria,proteinuria,urinary occult blood,UPCR,UPCR category,hypertension,prevalence of CVD,diabetes,use of RAASi,use of CCB,use of diuretics,eGFR(0M),eGFR(6M),eGFR(12M),eGFR(18M),eGFR(24M),eGFR(30M),eGFR(36M),eGFR(last visit),average_obs,obsevasion_ duration
0.7171891618110574,1.3712122829094173,1.142211937858547,1.0739312597512443,1.1879770883906446,1.269244114122536,1.711587983802358,1.4258601666853126,1.0481134324289896,1.199567823675902,1.3018528436636285,1.5727662894686014,0.8059129065051616,0.6289698537560365,1.8200393417795826,0.9213186140489769,0.20828862079676022,1.064263310453551,0.8336537019398754,0.7399623392623351,0.7962512763400821,0.8305240941078031,1.556943074615335,1.9117076094102052,2.2233172558635053,2.627535174497247,3.0683208994790996,3.2679684597986016,3.7244461606747277,3.6617657769091454,2.277299260992056,2.0099978842016757
